ID,Description,GeneRatio,BgRatio,RichFactor,FoldEnrichment,zScore,pvalue,p.adjust,qvalue,geneID,Count
GO:0030199,collagen fibril organization,May-19,69/18805,0.072463768,71.72006102,18.7160198,6.41E-09,8.41E-06,4.32E-06,TGFBR1/PXDN/NF1/COL3A1/COL1A2,5
GO:0050679,positive regulation of epithelial cell proliferation,Jun-19,218/18805,0.027522936,27.24046354,12.3930974,5.42E-08,2.71E-05,1.39E-05,TGFBR1/NRAS/RICTOR/MYCN/NF1/SIRT1,6
GO:0001938,positive regulation of endothelial cell proliferation,May-19,108/18805,0.046296296,45.8211501,14.85571889,6.21E-08,2.71E-05,1.39E-05,TGFBR1/NRAS/RICTOR/NF1/SIRT1,5
GO:0085029,extracellular matrix assembly,Apr-19,56/18805,0.071428571,70.69548872,16.61094688,2.64E-07,8.66E-05,4.45E-05,TGFBR1/PXDN/COL3A1/COL1A2,4
GO:0001936,regulation of endothelial cell proliferation,May-19,180/18805,0.027777778,27.49269006,11.35792334,7.93E-07,0.000207846,0.000106806,TGFBR1/NRAS/RICTOR/NF1/SIRT1,5
GO:0021543,pallium development,May-19,194/18805,0.025773196,25.5086815,10.91241116,1.15E-06,0.000250716,0.000128836,CASP3/IGF1R/NF1/COL3A1/EZH2,5
GO:0001935,endothelial cell proliferation,May-19,203/18805,0.024630542,24.37775473,10.65015086,1.43E-06,0.000268705,0.000138079,TGFBR1/NRAS/RICTOR/NF1/SIRT1,5
GO:0050678,regulation of epithelial cell proliferation,Jun-19,410/18805,0.014634146,14.48395379,8.778979814,2.21E-06,0.000361991,0.000186016,TGFBR1/NRAS/RICTOR/MYCN/NF1/SIRT1,6
GO:0009314,response to radiation,Jun-19,442/18805,0.013574661,13.43534175,8.413598924,3.41E-06,0.000496796,0.000255289,MAPK8/CASP3/NF1/COL3A1/CCND2/SIRT1,6
GO:0090398,cellular senescence,Apr-19,110/18805,0.036363636,35.99043062,11.70489866,4.01E-06,0.000526307,0.000270454,MAPK8/IGF1R/HMGA2/SIRT1,4
GO:0071902,positive regulation of protein serine/threonine kinase activity,Apr-19,114/18805,0.035087719,34.72760849,11.48699594,4.63E-06,0.000551611,0.000283457,HMGA2/CCND2/EZH2/SIRT1,4
GO:0050673,epithelial cell proliferation,Jun-19,488/18805,0.012295082,12.1688956,7.950194111,6.03E-06,0.000648069,0.000333023,TGFBR1/NRAS/RICTOR/MYCN/NF1/SIRT1,6
GO:0021761,limbic system development,Apr-19,125/18805,0.032,31.67157895,10.94176711,6.67E-06,0.000648069,0.000333023,CASP3/IGF1R/NF1/EZH2,4
GO:0021537,telencephalon development,May-19,280/18805,0.017857143,17.67387218,8.939662806,6.92E-06,0.000648069,0.000333023,CASP3/IGF1R/NF1/COL3A1/EZH2,5
GO:0043200,response to amino acid,Apr-19,131/18805,0.030534351,30.22097228,10.67324296,8.04E-06,0.000683767,0.000351368,CASP3/IGF1R/COL3A1/COL1A2,4
GO:0061448,connective tissue development,May-19,291/18805,0.017182131,17.00578767,8.751009972,8.34E-06,0.000683767,0.000351368,TGFBR1/MYCN/HMGA2/COL3A1/SIRT1,5
GO:0048511,rhythmic process,May-19,303/18805,0.01650165,16.33229112,8.556650542,1.02E-05,0.000776563,0.000399053,MAPK8/CASP3/IGF1R/EZH2/SIRT1,5
GO:0071560,cellular response to transforming growth factor beta stimulus,May-19,308/18805,0.016233766,16.06715653,8.47892459,1.10E-05,0.000776563,0.000399053,IGF1R/TGFBR1/COL3A1/COL1A2/SIRT1,5
GO:0071559,response to transforming growth factor beta,May-19,315/18805,0.015873016,15.7101086,8.37312285,1.23E-05,0.000776563,0.000399053,IGF1R/TGFBR1/COL3A1/COL1A2/SIRT1,5
GO:0001101,response to acid chemical,Apr-19,146/18805,0.02739726,27.11607787,10.07453391,1.23E-05,0.000776563,0.000399053,CASP3/IGF1R/COL3A1/COL1A2,4
GO:0043491,phosphatidylinositol 3-kinase/protein kinase B signal transduction,May-19,316/18805,0.015822785,15.66039307,8.358285614,1.24E-05,0.000776563,0.000399053,IGF1R/TGFBR1/RICTOR/NF1/SIRT1,5
GO:0043588,skin development,May-19,324/18805,0.015432099,15.2737167,8.241980963,1.40E-05,0.000836431,0.000429817,CASP3/NF1/COL3A1/COL1A2/EZH2,5
GO:0030198,extracellular matrix organization,May-19,339/18805,0.014749263,14.59788853,8.034700131,1.75E-05,0.000909708,0.000467472,TGFBR1/PXDN/NF1/COL3A1/COL1A2,5
GO:0043062,extracellular structure organization,May-19,340/18805,0.014705882,14.55495356,8.021352451,1.77E-05,0.000909708,0.000467472,TGFBR1/PXDN/NF1/COL3A1/COL1A2,5
GO:0045229,external encapsulating structure organization,May-19,341/18805,0.014662757,14.51227041,8.008061217,1.80E-05,0.000909708,0.000467472,TGFBR1/PXDN/NF1/COL3A1/COL1A2,5
GO:0071214,cellular response to abiotic stimulus,May-19,344/18805,0.014534884,14.38570991,7.968522108,1.87E-05,0.000909708,0.000467472,MAPK8/CASP3/IGF1R/CCND2/SIRT1,5
GO:0104004,cellular response to environmental stimulus,May-19,344/18805,0.014534884,14.38570991,7.968522108,1.87E-05,0.000909708,0.000467472,MAPK8/CASP3/IGF1R/CCND2/SIRT1,5
GO:0051897,positive regulation of phosphatidylinositol 3-kinase/protein kinase B signal transduction,Apr-19,190/18805,0.021052632,20.8365651,8.739699789,3.48E-05,0.001627163,0.000836151,IGF1R/TGFBR1/RICTOR/SIRT1,4
GO:0006979,response to oxidative stress,May-19,408/18805,0.012254902,12.12912797,7.227739246,4.24E-05,0.001807376,0.000928757,MAPK8/CASP3/PXDN/EZH2/SIRT1,5
GO:0000302,response to reactive oxygen species,Apr-19,201/18805,0.019900498,19.69625556,8.474893746,4.33E-05,0.001807376,0.000928757,MAPK8/CASP3/EZH2/SIRT1,4
GO:0033034,positive regulation of myeloid cell apoptotic process,Feb-19,10/18805,0.2,197.9473684,19.81133674,4.33E-05,0.001807376,0.000928757,NF1/SIRT1,2
GO:0030900,forebrain development,May-19,413/18805,0.012106538,11.98228622,7.176919379,4.50E-05,0.001807376,0.000928757,CASP3/IGF1R/NF1/COL3A1/EZH2,5
GO:0001934,positive regulation of protein phosphorylation,May-19,414/18805,0.012077295,11.9533435,7.166860789,4.55E-05,0.001807376,0.000928757,RICTOR/HMGA2/CCND2/EZH2/SIRT1,5
GO:0045860,positive regulation of protein kinase activity,Apr-19,210/18805,0.019047619,18.85213033,8.273444681,5.14E-05,0.001923717,0.000988541,HMGA2/CCND2/EZH2/SIRT1,4
GO:0051216,cartilage development,Apr-19,210/18805,0.019047619,18.85213033,8.273444681,5.14E-05,0.001923717,0.000988541,TGFBR1/MYCN/HMGA2/COL3A1,4
GO:0042698,ovulation cycle,Mar-19,75/18805,0.04,39.58947368,10.64916022,5.64E-05,0.002029872,0.001043091,CASP3/IGF1R/SIRT1,3
GO:0071900,regulation of protein serine/threonine kinase activity,Apr-19,217/18805,0.01843318,18.24399709,8.125240763,5.83E-05,0.002029872,0.001043091,HMGA2/CCND2/EZH2/SIRT1,4
GO:0042327,positive regulation of phosphorylation,May-19,437/18805,0.011441648,11.32422016,6.94467303,5.88E-05,0.002029872,0.001043091,RICTOR/HMGA2/CCND2/EZH2/SIRT1,5
GO:0071394,cellular response to testosterone stimulus,Feb-19,12/18805,0.166666667,164.9561404,18.0677892,6.34E-05,0.002126205,0.001092594,IGF1R/SIRT1,2
GO:0033674,positive regulation of kinase activity,Apr-19,223/18805,0.01793722,17.75312721,8.003627222,6.49E-05,0.002126205,0.001092594,HMGA2/CCND2/EZH2/SIRT1,4
GO:0048844,artery morphogenesis,Mar-19,83/18805,0.036144578,35.7736208,10.09712197,7.63E-05,0.002441112,0.001254415,TGFBR1/NF1/COL3A1,3
GO:0140718,facultative heterochromatin formation,Feb-19,14/18805,0.142857143,141.3909774,16.7114076,8.74E-05,0.002727444,0.001401553,EZH2/SIRT1,2
GO:0007264,small GTPase-mediated signal transduction,May-19,487/18805,0.01026694,10.16156922,6.514484923,9.82E-05,0.002968759,0.001525558,NGF/NRAS/NF1/COL3A1/COL1A2,5
GO:0010562,positive regulation of phosphorus metabolic process,May-19,493/18805,0.010141988,10.03789901,6.467073794,0.00010407,0.002968759,0.001525558,RICTOR/HMGA2/CCND2/EZH2/SIRT1,5
GO:0045937,positive regulation of phosphate metabolic process,May-19,493/18805,0.010141988,10.03789901,6.467073794,0.00010407,0.002968759,0.001525558,RICTOR/HMGA2/CCND2/EZH2/SIRT1,5
GO:0007179,transforming growth factor beta receptor signaling pathway,Apr-19,252/18805,0.015873016,15.7101086,7.476422572,0.000104167,0.002968759,0.001525558,TGFBR1/COL3A1/COL1A2/SIRT1,4
GO:0043523,regulation of neuron apoptotic process,Apr-19,255/18805,0.015686275,15.5252838,7.426899078,0.000109038,0.003020662,0.001552229,CASP3/NGF/NF1/SIRT1,4
GO:0021766,hippocampus development,Mar-19,94/18805,0.031914894,31.58734602,9.454574455,0.000110596,0.003020662,0.001552229,CASP3/IGF1R/EZH2,3
GO:0031669,cellular response to nutrient levels,Apr-19,258/18805,0.015503876,15.34475724,7.378209503,0.000114072,0.003052005,0.001568335,MAPK8/IGF1R/RICTOR/SIRT1,4
GO:0072091,regulation of stem cell proliferation,Mar-19,96/18805,0.03125,30.92927632,9.349562897,0.000117736,0.003087045,0.001586341,TGFBR1/HMGA2/NF1,3
GO:0051347,positive regulation of transferase activity,Apr-19,263/18805,0.015209125,15.05303182,7.298848987,0.000122836,0.003157597,0.001622596,HMGA2/CCND2/EZH2/SIRT1,4
GO:0042542,response to hydrogen peroxide,Mar-19,99/18805,0.03030303,29.99202552,9.19793748,0.000129,0.003224345,0.001656896,CASP3/EZH2/SIRT1,3
GO:0048712,negative regulation of astrocyte differentiation,Feb-19,17/18805,0.117647059,116.4396285,15.14341653,0.000130351,0.003224345,0.001656896,MYCN/NF1,2
GO:0070206,protein trimerization,Feb-19,18/18805,0.111111111,109.9707602,14.70964794,0.000146557,0.00355807,0.001828387,PXDN/COL1A2,2
GO:0051896,regulation of phosphatidylinositol 3-kinase/protein kinase B signal transduction,Apr-19,278/18805,0.014388489,14.24081787,7.073256736,0.000152069,0.003624779,0.001862667,IGF1R/TGFBR1/RICTOR/SIRT1,4
GO:0014013,regulation of gliogenesis,Mar-19,112/18805,0.026785714,26.51080827,8.611493733,0.000185902,0.00435211,0.002236421,MYCN/NF1/EZH2,3
GO:0002062,chondrocyte differentiation,Mar-19,116/18805,0.025862069,25.59664247,8.450775289,0.000206207,0.004660987,0.002395144,TGFBR1/HMGA2/COL3A1,3
GO:0060840,artery development,Mar-19,116/18805,0.025862069,25.59664247,8.450775289,0.000206207,0.004660987,0.002395144,TGFBR1/NF1/COL3A1,3
GO:0007265,Ras protein signal transduction,Mar-19,118/18805,0.025423729,25.16280107,8.373427261,0.000216877,0.004819085,0.002476386,NGF/NRAS/NF1,3
GO:0040029,epigenetic regulation of gene expression,Apr-19,308/18805,0.012987013,12.85372522,6.670591235,0.00022523,0.004821893,0.002477829,MYCN/HMGA2/EZH2/SIRT1,4
GO:0032355,response to estradiol,Mar-19,120/18805,0.025,24.74342105,8.297975128,0.0002279,0.004821893,0.002477829,CASP3/IGF1R/EZH2,3
GO:0051402,neuron apoptotic process,Apr-19,309/18805,0.012944984,12.81212741,6.658144506,0.000228038,0.004821893,0.002477829,CASP3/NGF/NF1/SIRT1,4
GO:0071887,leukocyte apoptotic process,Mar-19,124/18805,0.024193548,23.94524618,8.152452305,0.000251022,0.005223641,0.002684275,CASP3/NF1/SIRT1,3
GO:0062197,cellular response to chemical stress,Apr-19,323/18805,0.012383901,12.256803,6.48972967,0.000270053,0.005531863,0.002842661,MAPK8/CASP3/EZH2/SIRT1,4
GO:0072089,stem cell proliferation,Mar-19,128/18805,0.0234375,23.19695724,8.013636401,0.000275613,0.005556563,0.002855354,TGFBR1/HMGA2/NF1,3
GO:0009416,response to light stimulus,Apr-19,326/18805,0.012269939,12.14401033,6.454993899,0.000279735,0.005556563,0.002855354,MAPK8/CASP3/NF1/SIRT1,4
GO:2000773,negative regulation of cellular senescence,Feb-19,26/18805,0.076923077,76.13360324,12.19184473,0.000309816,0.006062225,0.003115199,HMGA2/SIRT1,2
GO:0048745,smooth muscle tissue development,Feb-19,27/18805,0.074074074,73.31384016,11.95813363,0.0003344,0.006447036,0.003312941,NF1/COL3A1,2
GO:0042063,gliogenesis,Apr-19,348/18805,0.011494253,11.37628554,6.213491993,0.000358566,0.006812749,0.003500871,MYCN/NF1/COL3A1/EZH2,4
GO:0018105,peptidyl-serine phosphorylation,Mar-19,142/18805,0.021126761,20.90993328,7.573698487,0.000373826,0.00693812,0.003565295,MAPK8/TGFBR1/RICTOR,3
GO:0010212,response to ionizing radiation,Mar-19,143/18805,0.020979021,20.76370997,7.544703222,0.000381593,0.00693812,0.003565295,CASP3/CCND2/SIRT1,3
GO:0010165,response to X-ray,Feb-19,29/18805,0.068965517,68.25771325,11.52721307,0.000386333,0.00693812,0.003565295,CASP3/CCND2,2
GO:0045686,negative regulation of glial cell differentiation,Feb-19,29/18805,0.068965517,68.25771325,11.52721307,0.000386333,0.00693812,0.003565295,MYCN/NF1,2
GO:2000108,positive regulation of leukocyte apoptotic process,Feb-19,30/18805,0.066666667,65.98245614,11.32795564,0.000413679,0.007328829,0.003766069,NF1/SIRT1,2
GO:0034614,cellular response to reactive oxygen species,Mar-19,149/18805,0.020134228,19.92758742,7.376730057,0.000430387,0.007424172,0.003815063,MAPK8/EZH2/SIRT1,3
GO:2001235,positive regulation of apoptotic signaling pathway,Mar-19,149/18805,0.020134228,19.92758742,7.376730057,0.000430387,0.007424172,0.003815063,TGFBR1/NF1/SIRT1,3
GO:0007517,muscle organ development,Apr-19,369/18805,0.010840108,10.72885466,6.002419045,0.00044764,0.007470218,0.003838725,TGFBR1/NF1/COL3A1/SIRT1,4
GO:0045859,regulation of protein kinase activity,Apr-19,369/18805,0.010840108,10.72885466,6.002419045,0.00044764,0.007470218,0.003838725,HMGA2/CCND2/EZH2/SIRT1,4
GO:0035107,appendage morphogenesis,Mar-19,152/18805,0.019736842,19.53427978,7.296388095,0.000456219,0.007470218,0.003838725,MYCN/SALL4/COL3A1,3
GO:0035108,limb morphogenesis,Mar-19,152/18805,0.019736842,19.53427978,7.296388095,0.000456219,0.007470218,0.003838725,MYCN/SALL4/COL3A1,3
GO:1901342,regulation of vasculature development,Apr-19,372/18805,0.010752688,10.64233164,5.973657044,0.000461547,0.007470218,0.003838725,TGFBR1/HMGA2/NF1/SIRT1,4
GO:0018209,peptidyl-serine modification,Mar-19,154/18805,0.019480519,19.28058783,7.244096366,0.000473983,0.007577955,0.003894087,MAPK8/TGFBR1/RICTOR,3
GO:0009411,response to UV,Mar-19,157/18805,0.01910828,18.91216896,7.16748241,0.000501455,0.007826275,0.004021692,MAPK8/CASP3/SIRT1,3
GO:0021915,neural tube development,Mar-19,157/18805,0.01910828,18.91216896,7.16748241,0.000501455,0.007826275,0.004021692,CASP3/SALL4/NF1,3
GO:0031507,heterochromatin formation,Mar-19,160/18805,0.01875,18.55756579,7.092965781,0.00052993,0.008020001,0.004121242,HMGA2/EZH2/SIRT1,3
GO:0033032,regulation of myeloid cell apoptotic process,Feb-19,34/18805,0.058823529,58.21981424,10.62005975,0.00053222,0.008020001,0.004121242,NF1/SIRT1,2
GO:0048710,regulation of astrocyte differentiation,Feb-19,34/18805,0.058823529,58.21981424,10.62005975,0.00053222,0.008020001,0.004121242,MYCN/NF1,2
GO:0008544,epidermis development,Apr-19,395/18805,0.010126582,10.02265157,5.763557132,0.000578662,0.00862075,0.004429949,CASP3/MYCN/NF1/EZH2,4
GO:0043549,regulation of kinase activity,Apr-19,397/18805,0.010075567,9.972159618,5.746106943,0.000589758,0.008687336,0.004464166,HMGA2/CCND2/EZH2/SIRT1,4
GO:0141091,transforming growth factor beta receptor superfamily signaling pathway,Apr-19,399/18805,0.010025063,9.922173856,5.728780511,0.000601005,0.008754646,0.004498754,TGFBR1/COL3A1/COL1A2/SIRT1,4
GO:0003205,cardiac chamber development,Mar-19,172/18805,0.01744186,17.2628519,6.814034078,0.00065417,0.009424366,0.004842904,IGF1R/TGFBR1/SALL4,3
GO:0071711,basement membrane organization,Feb-19,38/18805,0.052631579,52.09141274,10.02598489,0.00066533,0.009480957,0.004871984,PXDN/COL3A1,2
GO:0038179,neurotrophin signaling pathway,Feb-19,40/18805,0.05,49.48684211,9.762574789,0.000737316,0.010393775,0.005341054,CASP3/NGF,2
GO:0033028,myeloid cell apoptotic process,Feb-19,41/18805,0.048780488,48.27984596,9.638069016,0.00077466,0.010695274,0.005495986,NF1/SIRT1,2
GO:0007178,cell surface receptor protein serine/threonine kinase signaling pathway,Apr-19,427/18805,0.009367681,9.271539504,5.49839486,0.00077502,0.010695274,0.005495986,TGFBR1/COL3A1/COL1A2/SIRT1,4
GO:0006346,DNA methylation-dependent constitutive heterochromatin formation,Feb-19,43/18805,0.046511628,46.03427173,9.402050264,0.000852045,0.011507483,0.005913356,EZH2/SIRT1,2
GO:0048736,appendage development,Mar-19,190/18805,0.015789474,15.62742382,6.444628507,0.000873174,0.011507483,0.005913356,MYCN/SALL4/COL3A1,3
GO:0060173,limb development,Mar-19,190/18805,0.015789474,15.62742382,6.444628507,0.000873174,0.011507483,0.005913356,MYCN/SALL4/COL3A1,3
GO:0009267,cellular response to starvation,Mar-19,191/18805,0.015706806,15.54560485,6.425595413,0.000886541,0.011507483,0.005913356,MAPK8/IGF1R/SIRT1,3
GO:0016241,regulation of macroautophagy,Mar-19,191/18805,0.015706806,15.54560485,6.425595413,0.000886541,0.011507483,0.005913356,MAPK8/CASP3/SIRT1,3
GO:0098727,maintenance of cell number,Mar-19,191/18805,0.015706806,15.54560485,6.425595413,0.000886541,0.011507483,0.005913356,HMGA2/SALL4/EZH2,3
GO:0001837,epithelial to mesenchymal transition,Mar-19,192/18805,0.015625,15.46463816,6.40670552,0.000900039,0.011568146,0.005944529,TGFBR1/HMGA2/EZH2,3
GO:1990776,response to angiotensin,Feb-19,45/18805,0.044444444,43.98830409,9.1817384,0.000933011,0.011866002,0.006097588,IGF1R/COL3A1,2
GO:1904018,positive regulation of vasculature development,Mar-19,195/18805,0.015384615,15.22672065,6.350876767,0.000941315,0.011866002,0.006097588,TGFBR1/HMGA2/SIRT1,3
GO:0014014,negative regulation of gliogenesis,Feb-19,46/18805,0.043478261,43.03203661,9.076935944,0.000974834,0.012056669,0.006195567,MYCN/NF1,2
GO:0033574,response to testosterone,Feb-19,46/18805,0.043478261,43.03203661,9.076935944,0.000974834,0.012056669,0.006195567,IGF1R/SIRT1,2
GO:0051338,regulation of transferase activity,Apr-19,463/18805,0.008639309,8.550642264,5.231615386,0.001047968,0.012840058,0.006598127,HMGA2/CCND2/EZH2/SIRT1,4
GO:0045814,"negative regulation of gene expression, epigenetic",Mar-19,206/18805,0.014563107,14.41364333,6.156307866,0.001102919,0.013298095,0.006833498,HMGA2/EZH2/SIRT1,3
GO:0046578,regulation of Ras protein signal transduction,Feb-19,49/18805,0.040816327,40.39742213,8.781738415,0.001105639,0.013298095,0.006833498,NGF/NF1,2
GO:0007623,circadian rhythm,Mar-19,207/18805,0.014492754,14.3440122,6.139362035,0.001118424,0.013329578,0.006849677,MAPK8/EZH2/SIRT1,3
GO:0051098,regulation of binding,Mar-19,209/18805,0.014354067,14.20674893,6.105820866,0.001149848,0.013580641,0.00697869,MAPK8/NGF/HMGA2,3
GO:0022602,ovulation cycle process,Feb-19,53/18805,0.037735849,37.34856008,8.427254539,0.001292438,0.014994563,0.007705264,CASP3/SIRT1,2
GO:0035094,response to nicotine,Feb-19,53/18805,0.037735849,37.34856008,8.427254539,0.001292438,0.014994563,0.007705264,CASP3/IGF1R,2
GO:2000772,regulation of cellular senescence,Feb-19,54/18805,0.037037037,36.65692008,8.344748523,0.001341339,0.015425401,0.007926658,HMGA2/SIRT1,2
GO:0006111,regulation of gluconeogenesis,Feb-19,55/18805,0.036363636,35.99043062,8.264465266,0.001391118,0.01585875,0.008149343,RANBP2/SIRT1,2
GO:2000648,positive regulation of stem cell proliferation,Feb-19,56/18805,0.035714286,35.34774436,8.186305421,0.001441773,0.016294525,0.008373276,TGFBR1/HMGA2,2
GO:0042594,response to starvation,Mar-19,232/18805,0.012931034,12.79832123,5.750530913,0.001552076,0.017391211,0.00893683,MAPK8/IGF1R/SIRT1,3
GO:0048705,skeletal system morphogenesis,Mar-19,233/18805,0.012875536,12.74339282,5.736235515,0.001571317,0.017457602,0.008970946,TGFBR1/MYCN/COL3A1,3
GO:0097191,extrinsic apoptotic signaling pathway,Mar-19,237/18805,0.012658228,12.52831446,5.679919573,0.001649786,0.018060331,0.009280671,TGFBR1/NGF/NF1,3
GO:0010718,positive regulation of epithelial to mesenchymal transition,Feb-19,60/18805,0.033333333,32.99122807,7.893117674,0.00165312,0.018060331,0.009280671,TGFBR1/EZH2,2
GO:0045604,regulation of epidermal cell differentiation,Feb-19,61/18805,0.032786885,32.45038827,7.824283063,0.00170813,0.018377935,0.009443879,MYCN/EZH2,2
GO:0008406,gonad development,Mar-19,240/18805,0.0125,12.37171053,5.638566448,0.001710227,0.018377935,0.009443879,CASP3/TGFBR1/SIRT1,3
GO:0051932,"synaptic transmission, GABAergic",Feb-19,62/18805,0.032258065,31.92699491,7.757089061,0.001764006,0.018650091,0.009583731,NF1/EZH2,2
GO:0140719,constitutive heterochromatin formation,Feb-19,62/18805,0.032258065,31.92699491,7.757089061,0.001764006,0.018650091,0.009583731,EZH2/SIRT1,2
GO:0045137,development of primary sexual characteristics,Mar-19,245/18805,0.012244898,12.11922664,5.571259675,0.001814028,0.018944429,0.009734983,CASP3/TGFBR1/SIRT1,3
GO:0008347,glial cell migration,Feb-19,63/18805,0.031746032,31.42021721,7.691470548,0.001820746,0.018944429,0.009734983,NF1/COL3A1,2
GO:0009913,epidermal cell differentiation,Mar-19,251/18805,0.011952191,11.82952401,5.493033098,0.001943712,0.019907864,0.010230064,CASP3/MYCN/EZH2,3
GO:0033002,muscle cell proliferation,Mar-19,251/18805,0.011952191,11.82952401,5.493033098,0.001943712,0.019907864,0.010230064,IGF1R/TGFBR1/NF1,3
GO:0034599,cellular response to oxidative stress,Mar-19,254/18805,0.011811024,11.68980522,5.454912019,0.002010676,0.020423004,0.010494779,MAPK8/EZH2/SIRT1,3
GO:0048863,stem cell differentiation,Mar-19,256/18805,0.01171875,11.59847862,5.429852381,0.002056113,0.020423004,0.010494779,HMGA2/CHD4/EZH2,3
GO:0034605,cellular response to heat,Feb-19,67/18805,0.029850746,29.54438335,7.443568888,0.002056321,0.020423004,0.010494779,NF1/SIRT1,2
GO:0070301,cellular response to hydrogen peroxide,Feb-19,67/18805,0.029850746,29.54438335,7.443568888,0.002056321,0.020423004,0.010494779,EZH2/SIRT1,2
GO:0045682,regulation of epidermis development,Feb-19,68/18805,0.029411765,29.10990712,7.38496772,0.00211736,0.020715361,0.010645013,MYCN/EZH2,2
GO:0051057,positive regulation of small GTPase mediated signal transduction,Feb-19,68/18805,0.029411765,29.10990712,7.38496772,0.00211736,0.020715361,0.010645013,NGF/COL3A1,2
GO:0043525,positive regulation of neuron apoptotic process,Feb-19,69/18805,0.028985507,28.68802441,7.327618297,0.002179253,0.021162969,0.010875025,CASP3/NF1,2
GO:1902808,positive regulation of cell cycle G1/S phase transition,Feb-19,71/18805,0.028169014,27.87991105,7.216498178,0.002305598,0.02222529,0.011420921,CCND2/EZH2,2
GO:0051101,regulation of DNA binding,Feb-19,72/18805,0.027777778,27.49269006,7.162644607,0.002370047,0.022679791,0.011654475,NGF/HMGA2,2
GO:0060415,muscle tissue morphogenesis,Feb-19,73/18805,0.02739726,27.11607787,7.109876762,0.002435344,0.023135764,0.011888786,TGFBR1/COL3A1,2
GO:0090068,positive regulation of cell cycle process,Mar-19,274/18805,0.010948905,10.83653477,5.216182136,0.002494172,0.023383835,0.012016263,IGF1R/CCND2/EZH2,3
GO:0071260,cellular response to mechanical stimulus,Feb-19,74/18805,0.027027027,26.74964438,7.058158003,0.002501487,0.023383835,0.012016263,MAPK8/IGF1R,2
GO:0048762,mesenchymal cell differentiation,Mar-19,275/18805,0.010909091,10.79712919,5.20489814,0.002520072,0.023383835,0.012016263,TGFBR1/HMGA2/EZH2,3
GO:0003281,ventricular septum development,Feb-19,75/18805,0.026666667,26.39298246,7.0074534,0.002568476,0.023383835,0.012016263,TGFBR1/SALL4,2
GO:0071479,cellular response to ionizing radiation,Feb-19,75/18805,0.026666667,26.39298246,7.0074534,0.002568476,0.023383835,0.012016263,CCND2/SIRT1,2
GO:0071496,cellular response to external stimulus,Feb-19,75/18805,0.026666667,26.39298246,7.0074534,0.002568476,0.023383835,0.012016263,MAPK8/IGF1R,2
GO:0007611,learning or memory,Mar-19,282/18805,0.010638298,10.52911534,5.127506709,0.002706079,0.02446669,0.01257271,CASP3/NF1/CCND2,3
GO:0001937,negative regulation of endothelial cell proliferation,Feb-19,79/18805,0.025316456,25.05662891,6.814132402,0.002844852,0.025545213,0.013126931,TGFBR1/NF1,2
GO:0045685,regulation of glial cell differentiation,Feb-19,80/18805,0.025,24.74342105,6.76802785,0.002916043,0.025830626,0.013273597,MYCN/NF1,2
GO:1904019,epithelial cell apoptotic process,Feb-19,80/18805,0.025,24.74342105,6.76802785,0.002916043,0.025830626,0.013273597,CASP3/IGF1R,2
GO:0048644,muscle organ morphogenesis,Feb-19,81/18805,0.024691358,24.43794672,6.722758626,0.00298807,0.026291006,0.013510172,TGFBR1/COL3A1,2
GO:0043542,endothelial cell migration,Mar-19,293/18805,0.010238908,10.13382432,5.011232543,0.003015241,0.026353207,0.013542136,TGFBR1/NF1/SIRT1,3
GO:0045165,cell fate commitment,Mar-19,295/18805,0.010169492,10.06512043,4.990753722,0.003073699,0.026686219,0.01371326,CASP3/TGFBR1/CHD4,3
GO:0007548,sex differentiation,Mar-19,296/18805,0.010135135,10.03111664,4.980587704,0.003103189,0.026765007,0.013753747,CASP3/TGFBR1/SIRT1,3
GO:0097009,energy homeostasis,Feb-19,84/18805,0.023809524,23.56516291,6.59171402,0.003209149,0.027319445,0.014038657,MAPK8/SIRT1,2
GO:2000736,regulation of stem cell differentiation,Feb-19,84/18805,0.023809524,23.56516291,6.59171402,0.003209149,0.027319445,0.014038657,CHD4/EZH2,2
GO:0051056,regulation of small GTPase mediated signal transduction,Mar-19,303/18805,0.00990099,9.799374674,4.910758182,0.003314541,0.028034602,0.014406155,NGF/NF1/COL3A1,3
GO:0001843,neural tube closure,Feb-19,86/18805,0.023255814,23.01713586,6.508089077,0.003360685,0.028062788,0.014420639,CASP3/SALL4,2
GO:0008625,extrinsic apoptotic signaling pathway via death domain receptors,Feb-19,86/18805,0.023255814,23.01713586,6.508089077,0.003360685,0.028062788,0.014420639,NGF/NF1,2
GO:0060606,tube closure,Feb-19,87/18805,0.022988506,22.75257108,6.46733361,0.003437693,0.028524147,0.014657717,CASP3/SALL4,2
GO:0050810,regulation of steroid biosynthetic process,Feb-19,88/18805,0.022727273,22.49401914,6.42725617,0.003515525,0.028986502,0.014895308,IGF1R/SIRT1,2
GO:0006094,gluconeogenesis,Feb-19,89/18805,0.02247191,22.24127735,6.387837762,0.003594181,0.029449823,0.015133395,RANBP2/SIRT1,2
GO:0048608,reproductive structure development,Mar-19,314/18805,0.00955414,9.456084479,4.805501316,0.003664272,0.02983764,0.015332682,CASP3/TGFBR1/SIRT1,3
GO:0001666,response to hypoxia,Mar-19,316/18805,0.009493671,9.396235843,4.786920577,0.0037302,0.030106461,0.015470822,CASP3/NF1/SIRT1,3
GO:0048708,astrocyte differentiation,Feb-19,91/18805,0.021978022,21.75245807,6.310905707,0.003753956,0.030106461,0.015470822,MYCN/NF1,2
GO:0061458,reproductive system development,Mar-19,318/18805,0.009433962,9.33714002,4.768504508,0.003796856,0.030106461,0.015470822,CASP3/TGFBR1/SIRT1,3
GO:0014020,primary neural tube formation,Feb-19,92/18805,0.02173913,21.51601831,6.273357618,0.003835072,0.030106461,0.015470822,CASP3/SALL4,2
GO:0019319,hexose biosynthetic process,Feb-19,92/18805,0.02173913,21.51601831,6.273357618,0.003835072,0.030106461,0.015470822,RANBP2/SIRT1,2
GO:0071230,cellular response to amino acid stimulus,Feb-19,92/18805,0.02173913,21.51601831,6.273357618,0.003835072,0.030106461,0.015470822,COL3A1/COL1A2,2
GO:0006302,double-strand break repair,Mar-19,323/18805,0.009287926,9.192602249,4.723168194,0.003966693,0.03095437,0.015906537,HMGA2/CHD4/SIRT1,3
GO:0046364,monosaccharide biosynthetic process,Feb-19,94/18805,0.021276596,21.05823068,6.200016022,0.003999752,0.031027665,0.015944201,RANBP2/SIRT1,2
GO:0001822,kidney development,Mar-19,325/18805,0.009230769,9.136032389,4.705308778,0.004035913,0.031124013,0.015993712,TGFBR1/NF1/EZH2,3
GO:2000106,regulation of leukocyte apoptotic process,Feb-19,95/18805,0.021052632,20.8365651,6.164191801,0.004083314,0.031305409,0.016086926,NF1/SIRT1,2
GO:0010660,regulation of muscle cell apoptotic process,Feb-19,96/18805,0.020833333,20.61951754,6.128912418,0.004167688,0.031468315,0.016170638,IGF1R/SIRT1,2
GO:0048704,embryonic skeletal system morphogenesis,Feb-19,96/18805,0.020833333,20.61951754,6.128912418,0.004167688,0.031468315,0.016170638,TGFBR1/MYCN,2
GO:0050890,cognition,Mar-19,329/18805,0.009118541,9.024956007,4.670048546,0.004176573,0.031468315,0.016170638,CASP3/NF1/CCND2,3
GO:0036293,response to decreased oxygen levels,Mar-19,330/18805,0.009090909,8.997607656,4.661327359,0.004212201,0.031555406,0.016215392,CASP3/NF1/SIRT1,3
GO:0051100,negative regulation of binding,Feb-19,97/18805,0.020618557,20.4069452,6.094163879,0.004252873,0.03167907,0.016278939,MAPK8/HMGA2,2
GO:0051336,regulation of hydrolase activity,Mar-19,334/18805,0.008982036,8.889851875,4.626809747,0.004356582,0.032268242,0.016581697,NF1/EZH2/SIRT1,3
GO:0072001,renal system development,Mar-19,336/18805,0.008928571,8.83693609,4.609767439,0.004429895,0.032510462,0.016706167,TGFBR1/NF1/EZH2,3
GO:0060562,epithelial tube morphogenesis,Mar-19,337/18805,0.008902077,8.810713728,4.601299483,0.004466834,0.032510462,0.016706167,CASP3/MYCN/SALL4,3
GO:0048545,response to steroid hormone,Mar-19,338/18805,0.00887574,8.784646528,4.592866647,0.004503961,0.032510462,0.016706167,CASP3/IGF1R/SIRT1,3
GO:0001841,neural tube formation,Feb-19,100/18805,0.02,19.79473684,5.992970718,0.004513275,0.032510462,0.016706167,CASP3/SALL4,2
GO:0070664,negative regulation of leukocyte proliferation,Feb-19,100/18805,0.02,19.79473684,5.992970718,0.004513275,0.032510462,0.016706167,CASP3/NF1,2
GO:0048872,homeostasis of number of cells,Mar-19,339/18805,0.008849558,8.758733116,4.584468674,0.004541277,0.032533409,0.016717959,CASP3/NF1/EZH2,3
GO:0048661,positive regulation of smooth muscle cell proliferation,Feb-19,101/18805,0.01980198,19.59874935,5.960215249,0.004601687,0.032609795,0.016757212,IGF1R/NF1,2
GO:0071229,cellular response to acid chemical,Feb-19,101/18805,0.01980198,19.59874935,5.960215249,0.004601687,0.032609795,0.016757212,COL3A1/COL1A2,2
GO:0060485,mesenchyme development,Mar-19,342/18805,0.00877193,8.681902124,4.559481421,0.004654358,0.032711558,0.016809504,TGFBR1/HMGA2/EZH2,3
GO:0010657,muscle cell apoptotic process,Feb-19,102/18805,0.019607843,19.40660475,5.927927703,0.004690902,0.032711558,0.016809504,IGF1R/SIRT1,2
GO:0043279,response to alkaloid,Feb-19,102/18805,0.019607843,19.40660475,5.927927703,0.004690902,0.032711558,0.016809504,CASP3/IGF1R,2
GO:0045787,positive regulation of cell cycle,Mar-19,344/18805,0.00872093,8.631425949,4.542992996,0.004730695,0.032814503,0.016862404,IGF1R/CCND2/EZH2,3
GO:0010906,regulation of glucose metabolic process,Feb-19,103/18805,0.019417476,19.21819111,5.896096763,0.004780919,0.032988338,0.016951733,RANBP2/SIRT1,2
GO:0009408,response to heat,Feb-19,104/18805,0.019230769,19.03340081,5.864711497,0.004871735,0.033438975,0.017183302,NF1/SIRT1,2
GO:0043255,regulation of carbohydrate biosynthetic process,Feb-19,105/18805,0.019047619,18.85213033,5.833761334,0.004963349,0.033890369,0.017415261,RANBP2/SIRT1,2
GO:0008585,female gonad development,Feb-19,106/18805,0.018867925,18.67428004,5.803236055,0.005055761,0.034342498,0.017647596,CASP3/SIRT1,2
GO:0021549,cerebellum development,Feb-19,108/18805,0.018518519,18.32846004,5.743420919,0.005242968,0.03543057,0.018206724,IGF1R/EZH2,2
GO:0070482,response to oxygen levels,Mar-19,358/18805,0.008379888,8.293884152,4.431209297,0.005286504,0.035541572,0.018263765,CASP3/NF1/SIRT1,3
GO:0010506,regulation of autophagy,Mar-19,359/18805,0.008356546,8.27078141,4.423458662,0.005327653,0.035635476,0.018312019,MAPK8/CASP3/SIRT1,3
GO:0031346,positive regulation of cell projection organization,Mar-19,360/18805,0.008333333,8.247807018,4.415738072,0.005368997,0.035729721,0.018360449,IGF1R/TGFBR1/EZH2,3
GO:0046545,development of primary female sexual characteristics,Feb-19,110/18805,0.018181818,17.99521531,5.685190761,0.005433344,0.035794541,0.018393758,CASP3/SIRT1,2
GO:0048144,fibroblast proliferation,Feb-19,110/18805,0.018181818,17.99521531,5.685190761,0.005433344,0.035794541,0.018393758,NF1/COL3A1,2
GO:0045765,regulation of angiogenesis,Mar-19,363/18805,0.008264463,8.179643323,4.392754536,0.005494199,0.035888406,0.018441993,HMGA2/NF1/SIRT1,3
GO:0003279,cardiac septum development,Feb-19,111/18805,0.018018018,17.83309625,5.656647808,0.005529716,0.035888406,0.018441993,TGFBR1/SALL4,2
GO:1901655,cellular response to ketone,Feb-19,111/18805,0.018018018,17.83309625,5.656647808,0.005529716,0.035888406,0.018441993,IGF1R/SIRT1,2
GO:0019218,regulation of steroid metabolic process,Feb-19,112/18805,0.017857143,17.67387218,5.628474969,0.005626877,0.036339089,0.018673586,IGF1R/SIRT1,2
GO:0042752,regulation of circadian rhythm,Feb-19,113/18805,0.017699115,17.51746623,5.600664091,0.005724823,0.036790406,0.018905504,MAPK8/EZH2,2
GO:0001776,leukocyte homeostasis,Feb-19,114/18805,0.01754386,17.36380425,5.573207274,0.005823554,0.037242338,0.019137738,CASP3/NF1,2
GO:0050767,regulation of neurogenesis,Mar-19,372/18805,0.008064516,7.981748727,4.325361752,0.005880404,0.037423347,0.019230753,MYCN/NF1/EZH2,3
GO:0016236,macroautophagy,Mar-19,374/18805,0.00802139,7.939065578,4.310693118,0.005968399,0.037799862,0.019424233,MAPK8/CASP3/SIRT1,3
GO:0043547,positive regulation of GTPase activity,Feb-19,117/18805,0.017094017,16.9185785,5.492885729,0.00612444,0.038601638,0.019836243,NF1/EZH2,2
GO:0001824,blastocyst development,Feb-19,118/18805,0.016949153,16.77520071,5.466770815,0.006226294,0.038869867,0.019974078,TGFBR1/SALL4,2
GO:0022037,metencephalon development,Feb-19,118/18805,0.016949153,16.77520071,5.466770815,0.006226294,0.038869867,0.019974078,IGF1R/EZH2,2
GO:0001838,embryonic epithelial tube formation,Feb-19,121/18805,0.016528926,16.35928665,5.390307787,0.006536515,0.040613131,0.02086989,CASP3/SALL4,2
GO:0030336,negative regulation of cell migration,Mar-19,388/18805,0.007731959,7.652604449,4.210977136,0.006606722,0.04085572,0.020994549,TGFBR1/NF1/COL3A1,3
GO:0030522,intracellular receptor signaling pathway,Mar-19,393/18805,0.007633588,7.55524307,4.176566059,0.006844257,0.041791559,0.021475449,MAPK8/EZH2/SIRT1,3
GO:0030326,embryonic limb morphogenesis,Feb-19,124/18805,0.016129032,15.96349745,5.316534778,0.006853688,0.041791559,0.021475449,MYCN/SALL4,2
GO:0035113,embryonic appendage morphogenesis,Feb-19,124/18805,0.016129032,15.96349745,5.316534778,0.006853688,0.041791559,0.021475449,MYCN/SALL4,2
GO:0046660,female sex differentiation,Feb-19,125/18805,0.016,15.83578947,5.292513752,0.006960951,0.042249105,0.021710568,CASP3/SIRT1,2
GO:0010717,regulation of epithelial to mesenchymal transition,Feb-19,126/18805,0.015873016,15.7101086,5.268768336,0.00706898,0.042511161,0.021845231,TGFBR1/EZH2,2
GO:1901989,positive regulation of cell cycle phase transition,Feb-19,126/18805,0.015873016,15.7101086,5.268768336,0.00706898,0.042511161,0.021845231,CCND2/EZH2,2
GO:2001233,regulation of apoptotic signaling pathway,Mar-19,399/18805,0.007518797,7.441630392,4.136064511,0.007136008,0.042718295,0.021951671,TGFBR1/NF1/SIRT1,3
GO:0001701,in utero embryonic development,Mar-19,403/18805,0.007444169,7.367768055,4.109528612,0.007334598,0.043509764,0.022358384,TGFBR1/SALL4/COL3A1,3
GO:2000146,negative regulation of cell motility,Mar-19,403/18805,0.007444169,7.367768055,4.109528612,0.007334598,0.043509764,0.022358384,TGFBR1/NF1/COL3A1,3
GO:0003231,cardiac ventricle development,Feb-19,129/18805,0.015503876,15.34475724,5.199132532,0.007397653,0.043686141,0.022449019,TGFBR1/SALL4,2
GO:0045786,negative regulation of cell cycle,Mar-19,405/18805,0.007407407,7.331384016,4.096396801,0.007435125,0.043710532,0.022461552,CASP3/EZH2/SIRT1,3
GO:0021987,cerebral cortex development,Feb-19,130/18805,0.015384615,15.22672065,5.176437057,0.007508734,0.043946207,0.022582659,NF1/COL3A1,2
GO:0001654,eye development,Mar-19,415/18805,0.007228916,7.15472416,4.032055859,0.007950151,0.046178728,0.023729886,TGFBR1/PXDN/NF1,3
GO:0072175,epithelial tube formation,Feb-19,134/18805,0.014925373,14.77219167,5.088109285,0.007960635,0.046178728,0.023729886,CASP3/SALL4,2
GO:0048706,embryonic skeletal system development,Feb-19,135/18805,0.014814815,14.66276803,5.066618247,0.008075497,0.046638664,0.023966233,TGFBR1/MYCN,2
GO:0150063,visual system development,Mar-19,419/18805,0.007159905,7.086421304,4.006915255,0.008161976,0.046893217,0.02409704,TGFBR1/PXDN/NF1,3
GO:0051384,response to glucocorticoid,Feb-19,136/18805,0.014705882,14.55495356,5.045354927,0.008191111,0.046893217,0.02409704,CASP3/IGF1R,2
GO:0040013,negative regulation of locomotion,Mar-19,421/18805,0.007125891,7.052756595,3.994468627,0.008269141,0.047134104,0.024220825,TGFBR1/NF1/COL3A1,3
GO:0018205,peptidyl-lysine modification,Feb-19,138/18805,0.014492754,14.3440122,5.00349503,0.008424589,0.047655961,0.024488992,RANBP2/SIRT1,2
GO:0048880,sensory system development,Mar-19,426/18805,0.007042254,6.969977761,3.963705112,0.00854072,0.047655961,0.024488992,TGFBR1/PXDN/NF1,3
GO:0007266,Rho protein signal transduction,Feb-19,139/18805,0.014388489,14.24081787,4.982890505,0.008542449,0.047655961,0.024488992,COL3A1/COL1A2,2
GO:0035270,endocrine system development,Feb-19,139/18805,0.014388489,14.24081787,4.982890505,0.008542449,0.047655961,0.024488992,TGFBR1/NF1,2
GO:0050768,negative regulation of neurogenesis,Feb-19,139/18805,0.014388489,14.24081787,4.982890505,0.008542449,0.047655961,0.024488992,MYCN/NF1,2
GO:0042692,muscle cell differentiation,Mar-19,429/18805,0.006993007,6.921236658,3.945484458,0.00870619,0.048363623,0.024852639,CASP3/EZH2/SIRT1,3
