category,subcategory,ID,Description,GeneRatio,BgRatio,RichFactor,FoldEnrichment,zScore,pvalue,p.adjust,qvalue,geneID,Count
Human Diseases,Endocrine and metabolic disease,hsa04933,AGE-RAGE signaling pathway in diabetic complications,42887,101/9381,0.059405941,32.78159581,13.68225172,1.51E-08,2.46E-06,1.27E-06,MAPK8/CASP3/TGFBR1/NRAS/COL3A1/COL1A2,6
Environmental Information Processing,Signal transduction,hsa04068,FoxO signaling pathway,42887,133/9381,0.045112782,24.89429456,11.82473184,7.90E-08,6.44E-06,3.33E-06,MAPK8/IGF1R/TGFBR1/NRAS/CCND2/SIRT1,6
Environmental Information Processing,Signal transduction,hsa04010,MAPK signaling pathway,42917,300/9381,0.023333333,12.87588235,8.907479952,4.71E-07,2.56E-05,1.32E-05,MAPK8/CASP3/IGF1R/TGFBR1/NGF/NRAS/NF1,7
Organismal Systems,Endocrine system,hsa04926,Relaxin signaling pathway,42856,130/9381,0.038461538,21.2239819,9.893254493,2.56E-06,0.000104391,5.39E-05,MAPK8/TGFBR1/NRAS/COL3A1/COL1A2,5
Human Diseases,Cancer: overview,hsa05206,MicroRNAs in cancer,42887,323/9381,0.018575851,10.25059188,7.208581307,1.43E-05,0.000406949,0.000210242,CASP3/NRAS/HMGA2/CCND2/EZH2/SIRT1,6
Human Diseases,Cancer: specific types,hsa05210,Colorectal cancer,42826,87/9381,0.045977011,25.37119675,9.730391749,1.50E-05,0.000406949,0.000210242,MAPK8/CASP3/TGFBR1/NRAS,4
Environmental Information Processing,Signal transduction,hsa04014,Ras signaling pathway,42856,238/9381,0.021008403,11.59293129,7.052700659,4.86E-05,0.001131453,0.000584542,MAPK8/IGF1R/NGF/NRAS/NF1,5
Cellular Processes,Cell growth and death,hsa04210,Apoptosis,42826,137/9381,0.02919708,16.1116359,7.591663916,8.94E-05,0.001821287,0.00094093,MAPK8/CASP3/NGF/NRAS,4
Cellular Processes,Cell growth and death,hsa04218,Cellular senescence,42826,157/9381,0.025477707,14.0591982,7.030753467,0.000151622,0.00259669,0.001341525,TGFBR1/NRAS/CCND2/SIRT1,4
Organismal Systems,Aging,hsa04213,Longevity regulating pathway - multiple species,42795,62/9381,0.048387097,26.70113852,8.650848942,0.000175009,0.00259669,0.001341525,IGF1R/NRAS/SIRT1,3
Human Diseases,Infectious disease: viral,hsa05161,Hepatitis B,42826,163/9381,0.024539877,13.5416817,6.882185943,0.000175237,0.00259669,0.001341525,MAPK8/CASP3/TGFBR1/NRAS,4
Human Diseases,Infectious disease: viral,hsa05165,Human papillomavirus infection,42856,333/9381,0.015015015,8.28563858,5.767779133,0.00023789,0.003231341,0.001669404,CASP3/NRAS/CHD4/COL1A2/CCND2,5
Organismal Systems,Endocrine system,hsa04917,Prolactin signaling pathway,42795,71/9381,0.042253521,23.31648716,8.0422088,0.000261825,0.003282884,0.001696033,MAPK8/NRAS/CCND2,3
Environmental Information Processing,Signal transduction,hsa04151,PI3K-Akt signaling pathway,42856,362/9381,0.013812155,7.621871953,5.474583041,0.000350781,0.003435381,0.001774817,IGF1R/NGF/NRAS/COL1A2/CCND2,5
Human Diseases,Drug resistance: antineoplastic,hsa01521,EGFR tyrosine kinase inhibitor resistance,42795,80/9381,0.0375,20.69338235,7.536950476,0.000372594,0.003435381,0.001774817,IGF1R/NRAS/NF1,3
Human Diseases,Cancer: overview,hsa05202,Transcriptional misregulation in cancer,42826,201/9381,0.019900498,10.98156277,6.094953658,0.000391087,0.003435381,0.001774817,IGF1R/MYCN/HMGA2/CCND2,4
Cellular Processes,Cellular community - eukaryotes,hsa04510,Focal adhesion,42826,203/9381,0.019704433,10.87337004,6.059469218,0.000406098,0.003435381,0.001774817,MAPK8/IGF1R/COL1A2/CCND2,4
Human Diseases,Cancer: overview,hsa05205,Proteoglycans in cancer,42826,204/9381,0.019607843,10.8200692,6.041912669,0.000413757,0.003435381,0.001774817,CASP3/IGF1R/NRAS/COL1A2,4
Human Diseases,Cancer: overview,hsa05203,Viral carcinogenesis,42826,205/9381,0.019512195,10.76728838,6.024477904,0.000421519,0.003435381,0.001774817,CASP3/NRAS/CHD4/CCND2,4
Human Diseases,Cardiovascular disease,hsa05415,Diabetic cardiomyopathy,42826,205/9381,0.019512195,10.76728838,6.024477904,0.000421519,0.003435381,0.001774817,MAPK8/TGFBR1/COL3A1/COL1A2,4
Organismal Systems,Aging,hsa04211,Longevity regulating pathway,42795,90/9381,0.033333333,18.39411765,7.064600459,0.00052683,0.004089203,0.002112601,IGF1R/NRAS/SIRT1,3
Human Diseases,Infectious disease: viral,hsa05166,Human T-cell leukemia virus 1 infection,42826,224/9381,0.017857143,9.853991597,5.714545367,0.000589724,0.004369316,0.002257315,MAPK8/TGFBR1/NRAS/CCND2,4
Human Diseases,Drug resistance: antineoplastic,hsa01522,Endocrine resistance,42795,99/9381,0.03030303,16.72192513,6.700353508,0.000696315,0.004934756,0.002549438,MAPK8/IGF1R/NRAS,3
Human Diseases,Infectious disease: parasitic,hsa05146,Amoebiasis,42795,103/9381,0.029126214,16.07252998,6.553491826,0.000781599,0.005308359,0.002742452,CASP3/COL3A1/COL1A2,3
Organismal Systems,Nervous system,hsa04722,Neurotrophin signaling pathway,42795,120/9381,0.025,13.79558824,6.010590135,0.001217746,0.007939703,0.004101881,MAPK8/NGF/NRAS,3
Cellular Processes,Cell growth and death,hsa04215,Apoptosis - multiple species,42767,32/9381,0.0625,34.48897059,8.085174259,0.001484946,0.009309468,0.004809541,MAPK8/CASP3,2
Human Diseases,Infectious disease: viral,hsa05162,Measles,42795,136/9381,0.022058824,12.17257785,5.591966532,0.001746351,0.010542784,0.005446708,MAPK8/CASP3/CCND2,3
Human Diseases,Endocrine and metabolic disease,hsa04936,Alcoholic liver disease,42795,144/9381,0.020833333,11.49632353,5.408142921,0.002057048,0.011974956,0.006186609,MAPK8/CASP3/SIRT1,3
NA,NA,hsa04518,Integrin signaling,42795,154/9381,0.019480519,10.74980901,5.197821797,0.002491394,0.01400335,0.007234537,IGF1R/COL1A2/CCND2,3
Environmental Information Processing,Signal transduction,hsa04150,mTOR signaling pathway,42795,158/9381,0.018987342,10.47766195,5.119043626,0.002679906,0.014560821,0.007522542,IGF1R/NRAS/RICTOR,3
Cellular Processes,Transport and catabolism,hsa04140,Autophagy - animal,42795,169/9381,0.017751479,9.795683954,4.916218548,0.003243339,0.016798683,0.008678687,MAPK8/IGF1R/NRAS,3
Human Diseases,Cancer: specific types,hsa05225,Hepatocellular carcinoma,42795,170/9381,0.017647059,9.738062284,4.898706081,0.003297901,0.016798683,0.008678687,IGF1R/TGFBR1/NRAS,3
Environmental Information Processing,Signal transduction,hsa04310,Wnt signaling pathway,42795,178/9381,0.016853933,9.300396563,4.763644125,0.003754927,0.018547062,0.00958195,MAPK8/CCND2/SIRT1,3
Human Diseases,Infectious disease: viral,hsa05167,Kaposi sarcoma-associated herpesvirus infection,42795,196/9381,0.015306122,8.446278511,4.488724063,0.004920609,0.02358998,0.012187268,MAPK8/CASP3/NRAS,3
Organismal Systems,Nervous system,hsa04730,Long-term depression,42767,60/9381,0.033333333,18.39411765,5.758932016,0.005143526,0.023954134,0.0123754,IGF1R/NRAS,2
Human Diseases,Infectious disease: viral,hsa05169,Epstein-Barr virus infection,42795,205/9381,0.014634146,8.075466284,4.364158059,0.005577272,0.025252647,0.01304625,MAPK8/CASP3/CCND2,3
Environmental Information Processing,Signal transduction,hsa04015,Rap1 signaling pathway,42795,212/9381,0.014150943,7.808823529,4.272422561,0.006123066,0.026953269,0.01392484,IGF1R/NGF/NRAS,3
Human Diseases,Infectious disease: viral,hsa05170,Human immunodeficiency virus 1 infection,42795,214/9381,0.014018692,7.73584387,4.246982393,0.006284723,0.026953269,0.01392484,MAPK8/CASP3/NRAS,3
Human Diseases,Cardiovascular disease,hsa05417,Lipid and atherosclerosis,42795,216/9381,0.013888889,7.664215686,4.221870062,0.006448942,0.026953269,0.01392484,MAPK8/CASP3/NRAS,3
Organismal Systems,Immune system,hsa04664,Fc epsilon RI signaling pathway,42767,69/9381,0.028985507,15.99488491,5.326493187,0.006752434,0.027516168,0.01421565,MAPK8/NRAS,2
Human Diseases,Infectious disease: bacterial,hsa05120,Epithelial cell signaling in Helicobacter pylori infection,42767,71/9381,0.028169014,15.54432477,5.241348956,0.007137327,0.028375228,0.014659466,MAPK8/CASP3,2
Human Diseases,Cancer: specific types,hsa05218,Melanoma,42767,73/9381,0.02739726,15.11845286,5.15959399,0.007532022,0.029231419,0.015101799,IGF1R/NRAS,2
Cellular Processes,Cell growth and death,hsa04115,p53 signaling pathway,42767,75/9381,0.026666667,14.71529412,5.081002519,0.007936451,0.029589978,0.01528704,CASP3/CCND2,2
Human Diseases,Cancer: specific types,hsa05214,Glioma,42767,76/9381,0.026315789,14.52167183,5.042828238,0.008142294,0.029589978,0.01528704,IGF1R/NRAS,2
Human Diseases,Cancer: specific types,hsa05212,Pancreatic cancer,42767,77/9381,0.025974026,14.33307869,5.005369365,0.008350546,0.029589978,0.01528704,MAPK8/TGFBR1,2
Human Diseases,Cancer: specific types,hsa05220,Chronic myeloid leukemia,42767,77/9381,0.025974026,14.33307869,5.005369365,0.008350546,0.029589978,0.01528704,TGFBR1/NRAS,2
Human Diseases,Infectious disease: bacterial,hsa05133,Pertussis,42767,78/9381,0.025641026,14.14932127,4.968603083,0.008561198,0.029690962,0.015339212,MAPK8/CASP3,2
Environmental Information Processing,Signal transduction,hsa04012,ErbB signaling pathway,42767,86/9381,0.023255814,12.83310534,4.696977031,0.010331818,0.035085131,0.018125996,MAPK8/NRAS,2
Cellular Processes,Cellular community - eukaryotes,hsa04520,Adherens junction,42767,93/9381,0.021505376,11.86717268,4.487372439,0.012003364,0.039130966,0.020216191,IGF1R/TGFBR1,2
Organismal Systems,Endocrine system,hsa04912,GnRH signaling pathway,42767,93/9381,0.021505376,11.86717268,4.487372439,0.012003364,0.039130966,0.020216191,MAPK8/NRAS,2
Organismal Systems,Immune system,hsa04657,IL-17 signaling pathway,42767,94/9381,0.021276596,11.74092616,4.459263259,0.012251297,0.039156107,0.02022918,MAPK8/CASP3,2
Organismal Systems,Sensory system,hsa04750,Inflammatory mediator regulation of TRP channels,42767,99/9381,0.02020202,11.14795009,4.324842689,0.013524723,0.041594904,0.021489133,MAPK8/NGF,2
Human Diseases,Cancer: overview,hsa05231,Choline metabolism in cancer,42767,99/9381,0.02020202,11.14795009,4.324842689,0.013524723,0.041594904,0.021489133,MAPK8/NRAS,2
Organismal Systems,Digestive system,hsa04974,Protein digestion and absorption,42767,103/9381,0.019417476,10.71501999,4.224062195,0.014583497,0.043220183,0.0223288,COL3A1/COL1A2,2
Human Diseases,Infectious disease: parasitic,hsa05142,Chagas disease,42767,103/9381,0.019417476,10.71501999,4.224062195,0.014583497,0.043220183,0.0223288,MAPK8/TGFBR1,2
Cellular Processes,Transport and catabolism,hsa04137,Mitophagy - animal,42767,105/9381,0.019047619,10.51092437,4.175727841,0.015126055,0.043255211,0.022346896,MAPK8/NRAS,2
Organismal Systems,Immune system,hsa04625,C-type lectin receptor signaling pathway,42767,105/9381,0.019047619,10.51092437,4.175727841,0.015126055,0.043255211,0.022346896,MAPK8/NRAS,2
Human Diseases,Cancer: specific types,hsa05215,Prostate cancer,42767,106/9381,0.018867925,10.41176471,4.152046533,0.0154006,0.043280996,0.022360217,IGF1R/NRAS,2
Organismal Systems,Immune system,hsa04659,Th17 cell differentiation,42767,109/9381,0.018348624,10.12520237,4.082857474,0.0162372,0.044858706,0.023175308,MAPK8/TGFBR1,2
Organismal Systems,Endocrine system,hsa04914,Progesterone-mediated oocyte maturation,42767,110/9381,0.018181818,10.03315508,4.060389496,0.016520364,0.044880322,0.023186476,MAPK8/IGF1R,2
Human Diseases,Infectious disease: parasitic,hsa05145,Toxoplasmosis,42767,112/9381,0.017857143,9.853991597,4.016306546,0.01709309,0.045674978,0.023597018,MAPK8/CASP3,2
Organismal Systems,Nervous system,hsa04726,Serotonergic synapse,42767,115/9381,0.017391304,9.596930946,3.952222515,0.01796806,0.04723861,0.024404836,CASP3/NRAS,2
Environmental Information Processing,Signal transduction,hsa04668,TNF signaling pathway,42767,119/9381,0.016806723,9.274345032,3.870346933,0.019164012,0.04958308,0.025616057,MAPK8/CASP3,2
Environmental Information Processing,Signal transduction,hsa04152,AMPK signaling pathway,42767,122/9381,0.016393443,9.046287367,3.811435631,0.020082705,0.049598195,0.025623866,IGF1R/SIRT1,2
Organismal Systems,Immune system,hsa04660,T cell receptor signaling pathway,42767,122/9381,0.016393443,9.046287367,3.811435631,0.020082705,0.049598195,0.025623866,MAPK8/NRAS,2
Organismal Systems,Endocrine system,hsa04935,"Growth hormone synthesis, secretion and action",42767,122/9381,0.016393443,9.046287367,3.811435631,0.020082705,0.049598195,0.025623866,MAPK8/NRAS,2
